len_word,len_emoji,len_hastag,extrointro,followers_count,friends_count,favourites_count,statuses_count
12,0,3,0,1267,4245,21016,13389
18,0,0,0,1267,4245,21016,13389
17,0,0,0,1267,4245,21016,13389
14,0,6,0,1267,4245,21016,13389
20,0,0,0,1267,4245,21016,13389
14,4,4,0,1267,4245,21016,13389
16,0,0,0,1267,4245,21016,13389
6,0,5,0,1267,4245,21016,13389
20,8,1,0,1267,4245,21016,13389
9,4,0,1,14,101,80,27
13,0,3,1,14,101,80,27
13,0,3,1,14,101,80,27
1,0,0,1,14,101,80,27
9,0,0,1,14,101,80,27
0,0,0,1,14,101,80,27
0,0,0,1,14,101,80,27
0,0,0,1,14,101,80,27
0,0,0,1,14,101,80,27
0,0,0,1,14,101,80,27
2,2,0,0,33,340,3204,3155
4,1,2,0,33,340,3204,3155
7,2,3,0,33,340,3204,3155
7,13,1,0,33,340,3204,3155
3,2,0,0,33,340,3204,3155
13,0,0,0,33,340,3204,3155
12,0,0,0,33,340,3204,3155
8,6,0,0,33,340,3204,3155
5,0,1,0,33,340,3204,3155
10,0,0,0,33,340,3204,3155
4,0,0,1,156128,156031,148950,333971
0,1,0,1,156128,156031,148950,333971
2,0,0,1,156128,156031,148950,333971
0,0,0,1,156128,156031,148950,333971
4,1,1,1,156128,156031,148950,333971
4,0,0,1,156128,156031,148950,333971
1,0,1,1,156128,156031,148950,333971
5,0,0,1,156128,156031,148950,333971
8,4,4,1,156128,156031,148950,333971
6,0,1,1,156128,156031,148950,333971
0,0,1,1,1886,2075,0,36736
15,1,5,1,1886,2075,0,36736
27,0,0,1,1886,2075,0,36736
19,0,0,1,1886,2075,0,36736
17,0,0,1,1886,2075,0,36736
8,0,0,1,1886,2075,0,36736
22,0,0,1,1886,2075,0,36736
16,0,0,1,1886,2075,0,36736
5,5,11,1,1886,2075,0,36736
9,0,5,1,1886,2075,0,36736
0,0,0,0,173,1632,1208,2656
19,2,1,0,173,1632,1208,2656
11,4,0,0,173,1632,1208,2656
0,0,0,0,173,1632,1208,2656
1,0,0,0,173,1632,1208,2656
25,9,0,0,173,1632,1208,2656
3,0,0,0,173,1632,1208,2656
0,0,0,0,173,1632,1208,2656
1,4,0,0,173,1632,1208,2656
3,0,0,0,173,1632,1208,2656
13,0,2,1,12679,4390,6265,10604
16,0,0,1,12679,4390,6265,10604
20,0,2,1,12679,4390,6265,10604
14,4,4,1,12679,4390,6265,10604
20,0,0,1,12679,4390,6265,10604
20,2,2,1,12679,4390,6265,10604
9,2,1,1,12679,4390,6265,10604
18,1,2,1,12679,4390,6265,10604
14,0,5,1,12679,4390,6265,10604
20,3,4,1,12679,4390,6265,10604
17,0,4,1,3,178,677,213
18,5,0,1,3,178,677,213
11,0,0,1,3,178,677,213
3,0,5,1,3,178,677,213
15,0,3,1,3,178,677,213
7,0,8,1,3,178,677,213
15,0,6,1,3,178,677,213
3,0,0,1,3,178,677,213
5,5,2,1,3,178,677,213
5,2,2,1,3,178,677,213
12,0,0,1,250,503,8679,4110
25,8,0,1,250,503,8679,4110
1,0,0,1,250,503,8679,4110
14,0,0,1,250,503,8679,4110
4,0,0,1,250,503,8679,4110
2,0,0,1,250,503,8679,4110
8,0,0,1,250,503,8679,4110
16,0,0,1,250,503,8679,4110
1,0,0,1,250,503,8679,4110
1,0,1,1,250,503,8679,4110
19,3,5,1,164,0,169,8323
18,3,4,1,164,0,169,8323
14,3,5,1,164,0,169,8323
23,3,2,1,164,0,169,8323
18,3,2,1,164,0,169,8323
6,0,1,1,164,0,169,8323
6,0,1,1,164,0,169,8323
23,3,0,1,164,0,169,8323
20,3,2,1,164,0,169,8323
17,0,1,1,164,0,169,8323
1,7,7,1,9567,1928,114785,101405
1,7,7,1,9567,1928,114785,101405
1,7,7,1,9567,1928,114785,101405
1,7,7,1,9567,1928,114785,101405
1,7,8,1,9567,1928,114785,101405
1,7,7,1,9567,1928,114785,101405
1,7,8,1,9567,1928,114785,101405
1,7,7,1,9567,1928,114785,101405
1,7,7,1,9567,1928,114785,101405
1,7,7,1,9567,1928,114785,101405
1,7,7,1,9567,1928,114785,101405
1,7,7,1,9567,1928,114785,101405
1,7,7,1,9567,1928,114785,101405
1,7,7,1,9567,1928,114785,101405
1,7,8,1,9567,1928,114785,101405
1,7,7,1,9567,1928,114785,101405
1,7,8,1,9567,1928,114785,101405
1,7,7,1,9567,1928,114785,101405
1,7,7,1,9567,1928,114785,101405
1,7,7,1,9567,1928,114785,101405
1,7,7,1,9567,1928,114785,101405
1,7,7,1,9567,1928,114785,101405
1,7,7,1,9567,1928,114785,101405
1,7,7,1,9567,1928,114785,101405
1,7,8,1,9567,1928,114785,101405
1,7,7,1,9567,1928,114785,101405
1,7,8,1,9567,1928,114785,101405
1,7,7,1,9567,1928,114785,101405
1,7,7,1,9567,1928,114785,101405
1,7,7,1,9567,1928,114785,101405
1,7,7,1,9567,1928,114785,101405
1,7,7,1,9567,1928,114785,101405
1,7,7,1,9567,1928,114785,101405
1,7,7,1,9567,1928,114785,101405
1,7,8,1,9567,1928,114785,101405
1,7,7,1,9567,1928,114785,101405
1,7,8,1,9567,1928,114785,101405
1,7,7,1,9567,1928,114785,101405
1,7,7,1,9567,1928,114785,101405
1,7,7,1,9567,1928,114785,101405
1,7,7,1,9567,1928,114785,101405
1,7,7,1,9567,1928,114785,101405
1,7,7,1,9567,1928,114785,101405
1,7,7,1,9567,1928,114785,101405
1,7,8,1,9567,1928,114785,101405
1,7,7,1,9567,1928,114785,101405
1,7,8,1,9567,1928,114785,101405
1,7,7,1,9567,1928,114785,101405
1,7,7,1,9567,1928,114785,101405
1,7,7,1,9567,1928,114785,101405
16,0,2,0,16651,128,1722,26027
16,0,2,0,16651,128,1722,26027
6,0,2,0,16651,128,1722,26027
16,0,1,0,16651,128,1722,26027
24,2,0,0,16651,128,1722,26027
18,0,4,0,16651,128,1722,26027
14,0,6,0,16651,128,1722,26027
4,0,0,0,16651,128,1722,26027
8,0,6,0,16651,128,1722,26027
1,0,0,0,16651,128,1722,26027
4,0,0,1,235,264,2865,6105
2,0,0,1,235,264,2865,6105
21,0,0,1,235,264,2865,6105
11,0,0,1,235,264,2865,6105
21,0,0,1,235,264,2865,6105
2,0,0,1,235,264,2865,6105
26,0,0,1,235,264,2865,6105
22,0,0,1,235,264,2865,6105
15,0,0,1,235,264,2865,6105
23,0,0,1,235,264,2865,6105
18,0,1,1,106,323,131,488
11,0,2,1,106,323,131,488
11,0,4,1,106,323,131,488
11,0,1,1,106,323,131,488
18,0,2,1,106,323,131,488
12,0,1,1,106,323,131,488
7,0,1,1,106,323,131,488
6,0,1,1,106,323,131,488
8,0,1,1,106,323,131,488
22,0,1,1,106,323,131,488
5,0,0,0,8,225,6,8
0,9,2,0,8,225,6,8
0,6,2,0,8,225,6,8
0,4,2,0,8,225,6,8
8,0,0,0,8,225,6,8
7,0,0,0,8,225,6,8
7,0,1,0,8,225,6,8
9,0,0,0,8,225,6,8
22,0,5,0,2996,1515,51,6927
6,0,0,0,2996,1515,51,6927
27,2,0,0,2996,1515,51,6927
24,0,2,0,2996,1515,51,6927
19,0,3,0,2996,1515,51,6927
16,0,5,0,2996,1515,51,6927
8,0,1,0,2996,1515,51,6927
22,0,5,0,2996,1515,51,6927
8,0,2,0,2996,1515,51,6927
15,0,3,0,2996,1515,51,6927
2,0,0,1,188,692,305,3827
1,0,0,1,188,692,305,3827
2,0,0,1,188,692,305,3827
2,2,0,1,188,692,305,3827
8,0,0,1,188,692,305,3827
2,0,0,1,188,692,305,3827
4,0,0,1,188,692,305,3827
21,0,0,1,188,692,305,3827
5,0,0,1,188,692,305,3827
7,2,1,1,188,692,305,3827
0,8,0,0,73,145,3702,1751
0,0,0,0,73,145,3702,1751
3,2,0,0,73,145,3702,1751
5,0,3,0,73,145,3702,1751
8,0,0,0,73,145,3702,1751
0,2,0,0,73,145,3702,1751
2,0,0,0,73,145,3702,1751
17,0,2,0,73,145,3702,1751
0,5,0,0,73,145,3702,1751
5,0,0,0,73,145,3702,1751
1,2,0,1,127,317,391,2682
22,0,1,1,127,317,391,2682
0,0,0,1,127,317,391,2682
13,0,0,1,127,317,391,2682
12,0,1,1,127,317,391,2682
3,0,0,1,127,317,391,2682
3,4,0,1,127,317,391,2682
0,0,0,1,127,317,391,2682
7,0,1,1,127,317,391,2682
14,0,2,1,127,317,391,2682
13,6,2,1,530,663,1799,1097
5,11,2,1,530,663,1799,1097
2,2,2,1,530,663,1799,1097
15,2,2,1,530,663,1799,1097
2,3,0,1,530,663,1799,1097
16,1,2,1,530,663,1799,1097
15,4,3,1,530,663,1799,1097
6,4,1,1,530,663,1799,1097
22,6,2,1,530,663,1799,1097
7,0,2,1,530,663,1799,1097
8,1,2,0,31,67,200,106
15,0,0,0,31,67,200,106
18,0,0,0,31,67,200,106
2,0,0,0,31,67,200,106
3,0,0,0,31,67,200,106
19,4,0,0,31,67,200,106
7,0,2,0,31,67,200,106
11,0,2,0,31,67,200,106
16,0,7,0,31,67,200,106
5,0,1,0,31,67,200,106
13,0,3,0,0,0,0,1
1,0,4,0,1662,308,660,26172
1,0,4,0,1662,308,660,26172
1,0,4,1,1662,308,660,26172
1,0,4,1,1662,308,660,26172
1,0,4,0,1662,308,660,26172
1,0,4,0,1662,308,660,26172
1,0,4,1,1662,308,660,26172
1,0,4,1,1662,308,660,26172
1,0,5,0,1662,308,660,26172
1,0,5,0,1662,308,660,26172
1,0,5,1,1662,308,660,26172
1,0,5,1,1662,308,660,26172
2,0,4,0,1662,308,660,26172
2,0,4,0,1662,308,660,26172
2,0,4,1,1662,308,660,26172
2,0,4,1,1662,308,660,26172
0,0,4,0,1662,308,660,26172
0,0,4,0,1662,308,660,26172
0,0,4,1,1662,308,660,26172
0,0,4,1,1662,308,660,26172
3,0,4,0,1662,308,660,26172
3,0,4,0,1662,308,660,26172
3,0,4,1,1662,308,660,26172
3,0,4,1,1662,308,660,26172
1,0,4,0,1662,308,660,26172
1,0,4,0,1662,308,660,26172
1,0,4,1,1662,308,660,26172
1,0,4,1,1662,308,660,26172
1,0,4,0,1662,308,660,26172
1,0,4,0,1662,308,660,26172
1,0,4,1,1662,308,660,26172
1,0,4,1,1662,308,660,26172
0,0,4,0,1662,308,660,26172
0,0,4,0,1662,308,660,26172
0,0,4,1,1662,308,660,26172
0,0,4,1,1662,308,660,26172
2,0,4,0,1662,308,660,26172
2,0,4,0,1662,308,660,26172
2,0,4,1,1662,308,660,26172
2,0,4,1,1662,308,660,26172
1,0,4,0,1662,308,660,26172
1,0,4,0,1662,308,660,26172
1,0,4,1,1662,308,660,26172
1,0,4,1,1662,308,660,26172
1,0,4,0,1662,308,660,26172
1,0,4,0,1662,308,660,26172
1,0,4,1,1662,308,660,26172
1,0,4,1,1662,308,660,26172
1,0,5,0,1662,308,660,26172
1,0,5,0,1662,308,660,26172
1,0,5,1,1662,308,660,26172
1,0,5,1,1662,308,660,26172
2,0,4,0,1662,308,660,26172
2,0,4,0,1662,308,660,26172
2,0,4,1,1662,308,660,26172
2,0,4,1,1662,308,660,26172
0,0,4,0,1662,308,660,26172
0,0,4,0,1662,308,660,26172
0,0,4,1,1662,308,660,26172
0,0,4,1,1662,308,660,26172
3,0,4,0,1662,308,660,26172
3,0,4,0,1662,308,660,26172
3,0,4,1,1662,308,660,26172
3,0,4,1,1662,308,660,26172
1,0,4,0,1662,308,660,26172
1,0,4,0,1662,308,660,26172
1,0,4,1,1662,308,660,26172
1,0,4,1,1662,308,660,26172
1,0,4,0,1662,308,660,26172
1,0,4,0,1662,308,660,26172
1,0,4,1,1662,308,660,26172
1,0,4,1,1662,308,660,26172
0,0,4,0,1662,308,660,26172
0,0,4,0,1662,308,660,26172
0,0,4,1,1662,308,660,26172
0,0,4,1,1662,308,660,26172
2,0,4,0,1662,308,660,26172
2,0,4,0,1662,308,660,26172
2,0,4,1,1662,308,660,26172
2,0,4,1,1662,308,660,26172
1,0,4,0,1662,308,660,26172
1,0,4,0,1662,308,660,26172
1,0,4,1,1662,308,660,26172
1,0,4,1,1662,308,660,26172
1,0,4,0,1662,308,660,26172
1,0,4,0,1662,308,660,26172
1,0,4,1,1662,308,660,26172
1,0,4,1,1662,308,660,26172
1,0,5,0,1662,308,660,26172
1,0,5,0,1662,308,660,26172
1,0,5,1,1662,308,660,26172
1,0,5,1,1662,308,660,26172
2,0,4,0,1662,308,660,26172
2,0,4,0,1662,308,660,26172
2,0,4,1,1662,308,660,26172
2,0,4,1,1662,308,660,26172
0,0,4,0,1662,308,660,26172
0,0,4,0,1662,308,660,26172
0,0,4,1,1662,308,660,26172
0,0,4,1,1662,308,660,26172
3,0,4,0,1662,308,660,26172
3,0,4,0,1662,308,660,26172
3,0,4,1,1662,308,660,26172
3,0,4,1,1662,308,660,26172
1,0,4,0,1662,308,660,26172
1,0,4,0,1662,308,660,26172
1,0,4,1,1662,308,660,26172
1,0,4,1,1662,308,660,26172
1,0,4,0,1662,308,660,26172
1,0,4,0,1662,308,660,26172
1,0,4,1,1662,308,660,26172
1,0,4,1,1662,308,660,26172
0,0,4,0,1662,308,660,26172
0,0,4,0,1662,308,660,26172
0,0,4,1,1662,308,660,26172
0,0,4,1,1662,308,660,26172
2,0,4,0,1662,308,660,26172
2,0,4,0,1662,308,660,26172
2,0,4,1,1662,308,660,26172
2,0,4,1,1662,308,660,26172
8,8,1,0,163,96,33,464
8,8,1,0,163,96,33,464
9,0,0,0,163,96,33,464
11,3,3,0,163,96,33,464
2,5,0,0,163,96,33,464
10,0,1,0,163,96,33,464
5,3,0,0,163,96,33,464
12,5,1,0,163,96,33,464
6,0,1,0,163,96,33,464
2,0,0,0,163,96,33,464
7,0,0,1,219,326,6694,41040
16,0,5,1,219,326,6694,41040
5,0,0,1,219,326,6694,41040
0,6,0,1,219,326,6694,41040
8,0,4,1,219,326,6694,41040
1,6,0,1,219,326,6694,41040
6,0,4,1,219,326,6694,41040
0,0,0,1,219,326,6694,41040
21,2,1,1,219,326,6694,41040
1,0,0,1,219,326,6694,41040
3,0,0,0,358,1040,23994,5979
5,2,1,0,358,1040,23994,5979
6,0,0,0,358,1040,23994,5979
4,0,1,0,358,1040,23994,5979
3,9,0,0,358,1040,23994,5979
1,0,0,0,358,1040,23994,5979
6,2,0,0,358,1040,23994,5979
2,0,0,0,358,1040,23994,5979
5,2,0,0,358,1040,23994,5979
22,4,1,0,358,1040,23994,5979
20,7,0,1,152144,1231,4849,5915
20,9,1,1,152144,1231,4849,5915
28,1,0,1,152144,1231,4849,5915
20,0,2,1,152144,1231,4849,5915
17,0,1,1,152144,1231,4849,5915
21,0,1,1,152144,1231,4849,5915
5,0,0,1,152144,1231,4849,5915
13,0,1,1,152144,1231,4849,5915
3,0,2,1,152144,1231,4849,5915
21,13,0,1,152144,1231,4849,5915
4,9,2,1,496,676,16,3411
12,2,3,1,496,676,16,3411
14,2,2,1,496,676,16,3411
7,9,2,1,496,676,16,3411
4,9,5,1,496,676,16,3411
19,7,3,1,496,676,16,3411
10,0,10,1,496,676,16,3411
11,0,8,1,496,676,16,3411
20,2,3,1,496,676,16,3411
7,0,3,1,496,676,16,3411
17,0,3,0,271,296,4628,11612
5,0,1,0,271,296,4628,11612
2,2,0,0,271,296,4628,11612
6,0,0,0,271,296,4628,11612
20,0,0,0,271,296,4628,11612
25,0,0,0,271,296,4628,11612
0,0,0,0,271,296,4628,11612
9,0,0,0,271,296,4628,11612
22,0,1,0,271,296,4628,11612
0,0,0,0,271,296,4628,11612
0,0,0,0,79,433,5683,10214
2,0,0,0,79,433,5683,10214
18,0,0,0,79,433,5683,10214
9,0,0,0,79,433,5683,10214
4,0,0,0,79,433,5683,10214
2,0,0,0,79,433,5683,10214
8,0,3,0,79,433,5683,10214
15,4,5,0,79,433,5683,10214
12,0,1,0,79,433,5683,10214
17,0,0,0,79,433,5683,10214
8,0,6,0,921,2277,7206,220824
22,2,0,0,921,2277,7206,220824
4,2,0,0,921,2277,7206,220824
16,12,1,0,921,2277,7206,220824
9,0,1,0,921,2277,7206,220824
20,0,0,0,921,2277,7206,220824
6,0,2,0,921,2277,7206,220824
9,0,1,0,921,2277,7206,220824
8,0,0,0,921,2277,7206,220824
29,1,2,0,921,2277,7206,220824
12,0,2,0,1150,1001,39683,163512
5,4,2,0,1150,1001,39683,163512
2,0,1,0,1150,1001,39683,163512
9,0,1,0,1150,1001,39683,163512
12,0,0,0,1150,1001,39683,163512
19,15,2,0,1150,1001,39683,163512
32,7,2,0,1150,1001,39683,163512
8,0,3,0,1150,1001,39683,163512
33,11,0,0,1150,1001,39683,163512
10,0,2,0,1150,1001,39683,163512
9,0,0,1,7384,5932,209473,51106
4,0,0,1,7384,5932,209473,51106
6,0,0,1,7384,5932,209473,51106
9,0,0,1,7384,5932,209473,51106
4,0,0,1,7384,5932,209473,51106
11,0,0,1,7384,5932,209473,51106
10,0,0,1,7384,5932,209473,51106
2,1,0,1,7384,5932,209473,51106
0,0,0,1,7384,5932,209473,51106
19,0,3,1,7384,5932,209473,51106
16,5,4,1,6320,496,2820,1334
0,9,0,1,6320,496,2820,1334
1,0,0,1,6320,496,2820,1334
0,12,0,1,6320,496,2820,1334
8,7,0,1,6320,496,2820,1334
5,7,0,1,6320,496,2820,1334
7,7,0,1,6320,496,2820,1334
14,13,5,1,6320,496,2820,1334
16,4,7,1,6320,496,2820,1334
19,0,2,1,6320,496,2820,1334
14,0,2,0,79,199,430,194
27,0,0,0,79,199,430,194
16,0,0,0,79,199,430,194
7,0,0,0,79,199,430,194
4,0,0,0,79,199,430,194
8,0,0,0,79,199,430,194
10,0,1,0,79,199,430,194
18,3,0,0,79,199,430,194
8,0,0,0,79,199,430,194
21,0,0,0,79,199,430,194
24,0,1,1,14586,835,2188,26165
21,0,2,1,14586,835,2188,26165
27,0,1,1,14586,835,2188,26165
18,0,0,1,14586,835,2188,26165
15,0,0,1,14586,835,2188,26165
22,0,0,1,14586,835,2188,26165
20,0,2,1,14586,835,2188,26165
16,0,1,1,14586,835,2188,26165
16,0,0,1,14586,835,2188,26165
20,0,0,1,14586,835,2188,26165
0,0,0,1,322,678,24453,9610
12,0,0,1,322,678,24453,9610
12,0,0,1,322,678,24453,9610
11,0,0,1,322,678,24453,9610
16,0,0,1,322,678,24453,9610
0,0,1,1,322,678,24453,9610
18,0,1,1,322,678,24453,9610
2,0,0,1,322,678,24453,9610
0,0,1,1,322,678,24453,9610
0,0,0,1,322,678,24453,9610
21,0,1,1,4402,677,1012,6778
18,3,6,1,4402,677,1012,6778
24,0,3,1,4402,677,1012,6778
23,0,0,1,4402,677,1012,6778
11,1,6,1,4402,677,1012,6778
12,0,6,1,4402,677,1012,6778
7,0,8,1,4402,677,1012,6778
7,0,6,1,4402,677,1012,6778
2,0,0,1,4402,677,1012,6778
5,0,0,1,4402,677,1012,6778
20,0,0,1,84,109,256,13873
16,0,0,1,84,109,256,13873
26,0,0,1,84,109,256,13873
22,0,0,1,84,109,256,13873
4,0,0,1,84,109,256,13873
7,0,0,1,84,109,256,13873
23,0,0,1,84,109,256,13873
0,2,0,1,84,109,256,13873
24,0,0,1,84,109,256,13873
6,0,0,1,84,109,256,13873
3,2,0,0,327,467,26587,49746
3,0,0,0,327,467,26587,49746
17,0,0,0,327,467,26587,49746
6,7,0,0,327,467,26587,49746
6,1,0,0,327,467,26587,49746
0,0,0,0,327,467,26587,49746
17,0,0,0,327,467,26587,49746
5,0,0,0,327,467,26587,49746
2,5,1,0,327,467,26587,49746
2,6,0,0,327,467,26587,49746
4,0,0,1,626,192,13317,91407
2,0,0,1,626,192,13317,91407
26,0,0,1,626,192,13317,91407
1,0,0,1,626,192,13317,91407
7,0,0,1,626,192,13317,91407
13,1,1,1,626,192,13317,91407
14,2,0,1,626,192,13317,91407
12,0,0,1,626,192,13317,91407
0,0,0,1,626,192,13317,91407
3,2,0,1,626,192,13317,91407
11,8,0,1,21,100,18,25142
11,8,0,1,21,100,18,25142
11,8,0,1,21,100,18,25142
11,8,0,1,21,100,18,25142
9,2,0,1,21,100,18,25142
9,2,0,1,21,100,18,25142
9,2,0,1,21,100,18,25142
9,2,0,1,21,100,18,25142
14,8,0,1,21,100,18,25142
14,8,0,1,21,100,18,25142
14,8,0,1,21,100,18,25142
14,8,0,1,21,100,18,25142
9,2,0,1,21,100,18,25142
9,2,0,1,21,100,18,25142
9,2,0,1,21,100,18,25142
9,2,0,1,21,100,18,25142
8,8,0,1,21,100,18,25142
8,8,0,1,21,100,18,25142
8,8,0,1,21,100,18,25142
8,8,0,1,21,100,18,25142
9,2,0,1,21,100,18,25142
9,2,0,1,21,100,18,25142
9,2,0,1,21,100,18,25142
9,2,0,1,21,100,18,25142
9,8,0,1,21,100,18,25142
9,8,0,1,21,100,18,25142
9,8,0,1,21,100,18,25142
9,8,0,1,21,100,18,25142
9,2,0,1,21,100,18,25142
9,2,0,1,21,100,18,25142
9,2,0,1,21,100,18,25142
9,2,0,1,21,100,18,25142
9,8,0,1,21,100,18,25142
9,8,0,1,21,100,18,25142
9,8,0,1,21,100,18,25142
9,8,0,1,21,100,18,25142
9,2,0,1,21,100,18,25142
9,2,0,1,21,100,18,25142
9,2,0,1,21,100,18,25142
9,2,0,1,21,100,18,25142
11,8,0,1,21,100,18,25142
11,8,0,1,21,100,18,25142
11,8,0,1,21,100,18,25142
11,8,0,1,21,100,18,25142
9,2,0,1,21,100,18,25142
9,2,0,1,21,100,18,25142
9,2,0,1,21,100,18,25142
9,2,0,1,21,100,18,25142
14,8,0,1,21,100,18,25142
14,8,0,1,21,100,18,25142
14,8,0,1,21,100,18,25142
14,8,0,1,21,100,18,25142
9,2,0,1,21,100,18,25142
9,2,0,1,21,100,18,25142
9,2,0,1,21,100,18,25142
9,2,0,1,21,100,18,25142
8,8,0,1,21,100,18,25142
8,8,0,1,21,100,18,25142
8,8,0,1,21,100,18,25142
8,8,0,1,21,100,18,25142
9,2,0,1,21,100,18,25142
9,2,0,1,21,100,18,25142
9,2,0,1,21,100,18,25142
9,2,0,1,21,100,18,25142
9,8,0,1,21,100,18,25142
9,8,0,1,21,100,18,25142
9,8,0,1,21,100,18,25142
9,8,0,1,21,100,18,25142
9,2,0,1,21,100,18,25142
9,2,0,1,21,100,18,25142
9,2,0,1,21,100,18,25142
9,2,0,1,21,100,18,25142
9,8,0,1,21,100,18,25142
9,8,0,1,21,100,18,25142
9,8,0,1,21,100,18,25142
9,8,0,1,21,100,18,25142
9,2,0,1,21,100,18,25142
9,2,0,1,21,100,18,25142
9,2,0,1,21,100,18,25142
9,2,0,1,21,100,18,25142
6,0,0,1,440,381,814,2713
10,4,2,1,440,381,814,2713
12,0,0,1,440,381,814,2713
8,2,1,1,440,381,814,2713
7,0,7,1,440,381,814,2713
13,5,1,1,440,381,814,2713
13,0,0,1,440,381,814,2713
18,0,1,1,440,381,814,2713
8,10,1,1,440,381,814,2713
8,7,8,1,440,381,814,2713
19,0,0,1,101,642,142,1796
6,0,0,1,101,642,142,1796
0,0,0,1,101,642,142,1796
15,0,0,1,101,642,142,1796
9,0,0,1,101,642,142,1796
0,2,0,1,101,642,142,1796
2,0,0,1,101,642,142,1796
9,0,0,1,101,642,142,1796
10,0,0,1,101,642,142,1796
1,0,0,1,101,642,142,1796
12,0,9,0,22098,22096,29835,239219
13,0,2,0,22098,22096,29835,239219
8,0,6,0,22098,22096,29835,239219
5,0,0,0,22098,22096,29835,239219
19,0,0,0,22098,22096,29835,239219
13,0,0,0,22098,22096,29835,239219
3,6,2,0,22098,22096,29835,239219
10,0,18,0,22098,22096,29835,239219
20,0,2,0,22098,22096,29835,239219
13,2,5,0,22098,22096,29835,239219
5,0,0,1,275,848,1099,1428
5,0,0,1,275,848,1099,1428
2,3,2,1,275,848,1099,1428
3,0,0,1,275,848,1099,1428
7,0,0,1,275,848,1099,1428
15,14,2,1,275,848,1099,1428
1,0,0,1,275,848,1099,1428
6,0,0,1,275,848,1099,1428
0,0,0,1,275,848,1099,1428
5,3,2,1,275,848,1099,1428
5,0,0,1,58,378,17573,3187
4,0,0,1,58,378,17573,3187
2,0,0,1,58,378,17573,3187
5,0,0,1,58,378,17573,3187
6,0,0,1,58,378,17573,3187
3,0,0,1,58,378,17573,3187
3,0,0,1,58,378,17573,3187
5,0,0,1,58,378,17573,3187
2,7,0,1,58,378,17573,3187
5,0,0,1,58,378,17573,3187
15,4,4,1,7584,4898,6427,10780
0,2,0,1,7584,4898,6427,10780
10,0,1,1,7584,4898,6427,10780
13,1,2,1,7584,4898,6427,10780
19,6,0,1,7584,4898,6427,10780
10,4,2,1,7584,4898,6427,10780
7,0,2,1,7584,4898,6427,10780
16,0,1,1,7584,4898,6427,10780
5,4,0,1,7584,4898,6427,10780
18,4,0,1,7584,4898,6427,10780
4,0,0,1,310,302,66075,39386
18,0,0,1,310,302,66075,39386
29,0,1,1,310,302,66075,39386
24,1,0,1,310,302,66075,39386
12,0,3,1,310,302,66075,39386
11,0,1,1,310,302,66075,39386
16,0,0,1,310,302,66075,39386
0,0,0,1,310,302,66075,39386
9,0,1,1,310,302,66075,39386
31,0,0,1,310,302,66075,39386
4,0,0,1,310,302,66075,39386
18,0,0,1,310,302,66075,39386
29,0,1,1,310,302,66075,39386
24,1,0,1,310,302,66075,39386
12,0,3,1,310,302,66075,39386
11,0,1,1,310,302,66075,39386
16,0,0,1,310,302,66075,39386
0,0,0,1,310,302,66075,39386
9,0,1,1,310,302,66075,39386
31,0,0,1,310,302,66075,39386
3,2,0,0,491,525,15209,4940
4,0,0,0,491,525,15209,4940
3,0,0,0,491,525,15209,4940
8,0,2,0,491,525,15209,4940
5,3,2,0,491,525,15209,4940
3,0,0,0,491,525,15209,4940
8,1,2,0,491,525,15209,4940
5,2,0,0,491,525,15209,4940
5,5,0,0,491,525,15209,4940
8,0,4,0,491,525,15209,4940
7,0,3,1,74,164,4090,1992
19,0,0,1,74,164,4090,1992
28,0,0,1,74,164,4090,1992
10,0,1,1,74,164,4090,1992
6,0,0,1,74,164,4090,1992
2,0,1,1,74,164,4090,1992
6,0,0,1,74,164,4090,1992
0,0,0,1,74,164,4090,1992
14,0,2,1,74,164,4090,1992
7,0,0,1,74,164,4090,1992
4,0,0,1,277,1372,42748,18959
8,2,0,1,277,1372,42748,18959
12,0,0,1,277,1372,42748,18959
4,2,0,1,277,1372,42748,18959
0,0,0,1,277,1372,42748,18959
5,0,1,1,277,1372,42748,18959
2,0,0,1,277,1372,42748,18959
1,0,0,1,277,1372,42748,18959
2,0,1,1,277,1372,42748,18959
12,0,0,1,277,1372,42748,18959
2,2,0,1,669,294,16484,13133
1,0,0,1,669,294,16484,13133
2,1,0,1,669,294,16484,13133
1,0,0,1,669,294,16484,13133
3,0,0,1,669,294,16484,13133
4,0,0,1,669,294,16484,13133
25,0,0,1,669,294,16484,13133
1,2,1,1,669,294,16484,13133
0,2,0,1,669,294,16484,13133
0,5,0,1,669,294,16484,13133
6,0,2,0,1,83,1381,764
1,0,0,0,1,83,1381,764
24,4,2,0,1,83,1381,764
9,0,1,0,1,83,1381,764
15,0,1,0,1,83,1381,764
20,0,0,0,1,83,1381,764
12,0,0,0,1,83,1381,764
5,0,0,0,1,83,1381,764
8,0,0,0,1,83,1381,764
31,0,0,0,1,83,1381,764
12,0,0,1,294,257,3693,11705
16,0,0,1,294,257,3693,11705
16,5,0,1,294,257,3693,11705
5,0,0,1,294,257,3693,11705
7,0,0,1,294,257,3693,11705
9,0,0,1,294,257,3693,11705
3,0,0,1,294,257,3693,11705
5,5,0,1,294,257,3693,11705
8,0,0,1,294,257,3693,11705
22,0,0,1,294,257,3693,11705
3,5,1,0,1015,1781,113187,23616
19,0,0,0,1015,1781,113187,23616
21,0,0,0,1015,1781,113187,23616
2,7,0,0,1015,1781,113187,23616
17,0,0,0,1015,1781,113187,23616
0,14,0,0,1015,1781,113187,23616
22,0,1,0,1015,1781,113187,23616
4,0,0,0,1015,1781,113187,23616
9,0,0,0,1015,1781,113187,23616
16,0,0,0,1015,1781,113187,23616
4,2,0,0,720,516,10024,13069
8,0,1,0,720,516,10024,13069
6,7,0,0,720,516,10024,13069
8,0,0,0,720,516,10024,13069
9,0,0,0,720,516,10024,13069
6,0,0,0,720,516,10024,13069
21,3,0,0,720,516,10024,13069
0,0,0,0,720,516,10024,13069
14,0,0,0,720,516,10024,13069
4,0,0,0,720,516,10024,13069
9,4,0,1,936,143,756,740
7,0,0,1,936,143,756,740
10,0,0,1,936,143,756,740
7,0,0,1,936,143,756,740
6,0,0,1,936,143,756,740
1,2,0,1,936,143,756,740
26,0,0,1,936,143,756,740
4,7,1,1,936,143,756,740
1,4,0,1,936,143,756,740
1,2,0,1,936,143,756,740
10,0,0,1,69812,5595,13886,28247
16,3,4,1,69812,5595,13886,28247
18,0,3,1,69812,5595,13886,28247
15,0,0,1,69812,5595,13886,28247
13,0,3,1,69812,5595,13886,28247
10,0,2,1,69812,5595,13886,28247
11,0,0,1,69812,5595,13886,28247
6,0,0,1,69812,5595,13886,28247
21,0,0,1,69812,5595,13886,28247
3,0,0,1,69812,5595,13886,28247
21,0,3,1,22,58,17,84
12,0,4,1,22,58,17,84
9,0,6,1,22,58,17,84
11,0,4,1,22,58,17,84
12,0,6,1,22,58,17,84
5,0,7,1,22,58,17,84
11,0,8,1,22,58,17,84
5,0,0,1,22,58,17,84
9,0,0,1,22,58,17,84
22,0,1,1,22,58,17,84
0,0,1,0,322926,14177,165729,789858
13,0,0,0,322926,14177,165729,789858
13,2,0,0,322926,14177,165729,789858
4,4,0,0,322926,14177,165729,789858
2,2,0,0,322926,14177,165729,789858
2,2,0,0,322926,14177,165729,789858
3,0,0,0,322926,14177,165729,789858
4,6,1,0,322926,14177,165729,789858
13,0,3,0,322926,14177,165729,789858
2,0,0,0,322926,14177,165729,789858
12,0,1,1,891,886,10012,25878
1,2,0,1,891,886,10012,25878
11,0,0,1,891,886,10012,25878
24,0,1,1,891,886,10012,25878
13,1,1,1,891,886,10012,25878
7,0,0,1,891,886,10012,25878
9,0,0,1,891,886,10012,25878
23,0,0,1,891,886,10012,25878
1,0,0,1,891,886,10012,25878
6,0,0,1,891,886,10012,25878
13,0,1,1,5614,1495,1966,6886
8,0,1,1,5614,1495,1966,6886
4,1,0,1,5614,1495,1966,6886
15,0,3,1,5614,1495,1966,6886
15,0,2,1,5614,1495,1966,6886
14,0,3,1,5614,1495,1966,6886
12,0,1,1,5614,1495,1966,6886
15,0,3,1,5614,1495,1966,6886
12,0,0,1,5614,1495,1966,6886
15,0,1,1,5614,1495,1966,6886
14,2,0,1,336,75,835,914
21,1,0,1,336,75,835,914
9,1,1,1,336,75,835,914
19,2,0,1,336,75,835,914
10,0,0,1,336,75,835,914
0,2,0,1,336,75,835,914
8,0,1,1,336,75,835,914
4,0,0,1,336,75,835,914
5,0,0,1,336,75,835,914
3,0,0,1,336,75,835,914
23,0,0,1,33,219,6062,1384
14,1,0,1,33,219,6062,1384
10,0,1,1,33,219,6062,1384
5,0,0,1,33,219,6062,1384
16,4,1,1,33,219,6062,1384
5,0,0,1,33,219,6062,1384
13,0,0,1,33,219,6062,1384
13,0,0,1,33,219,6062,1384
5,0,0,1,33,219,6062,1384
17,0,0,1,33,219,6062,1384
31,0,0,0,830,1135,33504,17463
16,0,0,0,830,1135,33504,17463
10,0,0,0,830,1135,33504,17463
1,0,0,0,830,1135,33504,17463
18,0,0,0,830,1135,33504,17463
5,0,0,0,830,1135,33504,17463
1,0,0,0,830,1135,33504,17463
1,0,1,0,830,1135,33504,17463
21,0,0,0,830,1135,33504,17463
22,0,0,0,830,1135,33504,17463
0,4,1,0,223,178,775,24929
18,2,0,0,223,178,775,24929
24,0,0,0,223,178,775,24929
8,0,0,0,223,178,775,24929
4,2,1,0,223,178,775,24929
1,0,0,0,223,178,775,24929
3,4,0,0,223,178,775,24929
20,0,0,0,223,178,775,24929
29,0,0,0,223,178,775,24929
6,0,0,0,223,178,775,24929
0,0,14,1,4030,3299,12252,59144
18,0,13,1,4030,3299,12252,59144
6,0,13,1,4030,3299,12252,59144
6,0,13,1,4030,3299,12252,59144
4,0,17,1,4030,3299,12252,59144
4,0,15,1,4030,3299,12252,59144
4,0,15,1,4030,3299,12252,59144
4,0,17,1,4030,3299,12252,59144
9,0,15,1,4030,3299,12252,59144
6,0,15,1,4030,3299,12252,59144
12,0,2,1,8720,6855,251633,151100
11,3,1,1,8720,6855,251633,151100
3,1,1,1,8720,6855,251633,151100
4,7,3,1,8720,6855,251633,151100
8,0,0,1,8720,6855,251633,151100
15,3,1,1,8720,6855,251633,151100
20,4,0,1,8720,6855,251633,151100
22,1,1,1,8720,6855,251633,151100
21,0,0,1,8720,6855,251633,151100
19,2,0,1,8720,6855,251633,151100
4,0,0,0,89,121,4244,1163
1,0,0,0,89,121,4244,1163
4,0,0,0,89,121,4244,1163
3,5,0,0,89,121,4244,1163
8,0,0,0,89,121,4244,1163
6,0,0,0,89,121,4244,1163
6,0,0,0,89,121,4244,1163
8,0,0,0,89,121,4244,1163
0,0,0,0,89,121,4244,1163
2,2,0,0,89,121,4244,1163
23,0,0,1,669,1155,16774,14865
10,0,0,1,669,1155,16774,14865
15,4,0,1,669,1155,16774,14865
13,0,0,1,669,1155,16774,14865
8,0,5,1,669,1155,16774,14865
3,0,0,1,669,1155,16774,14865
16,0,0,1,669,1155,16774,14865
3,4,0,1,669,1155,16774,14865
13,0,0,1,669,1155,16774,14865
3,0,3,1,669,1155,16774,14865
10,0,11,1,1776,1313,2547,2559
10,0,12,1,1776,1313,2547,2559
15,0,4,1,1776,1313,2547,2559
5,0,11,1,1776,1313,2547,2559
6,0,9,1,1776,1313,2547,2559
3,0,11,1,1776,1313,2547,2559
11,0,9,1,1776,1313,2547,2559
3,0,9,1,1776,1313,2547,2559
17,0,2,1,1776,1313,2547,2559
8,2,0,1,1776,1313,2547,2559
16,2,3,1,163,53,41,1483
6,9,1,1,163,53,41,1483
1,9,2,1,163,53,41,1483
19,7,3,1,163,53,41,1483
10,0,11,1,163,53,41,1483
11,0,4,1,163,53,41,1483
19,2,3,1,163,53,41,1483
17,0,5,1,163,53,41,1483
7,0,3,1,163,53,41,1483
21,8,3,1,163,53,41,1483
4,0,0,0,140,337,1069,195
15,4,3,0,140,337,1069,195
13,2,0,0,140,337,1069,195
13,2,0,0,140,337,1069,195
6,5,0,0,140,337,1069,195
8,2,0,0,140,337,1069,195
5,5,0,0,140,337,1069,195
16,5,0,0,140,337,1069,195
4,1,0,0,140,337,1069,195
23,4,1,0,140,337,1069,195
7,0,0,1,966,23,8449,1378
7,0,0,1,966,23,8449,1378
10,0,2,1,966,23,8449,1378
10,0,2,1,966,23,8449,1378
7,0,2,1,966,23,8449,1378
7,0,2,1,966,23,8449,1378
7,0,2,1,966,23,8449,1378
7,0,2,1,966,23,8449,1378
7,0,2,1,966,23,8449,1378
13,0,0,1,966,23,8449,1378
4,0,1,1,1744,784,8021,102432
18,0,0,1,1744,784,8021,102432
0,0,0,1,1744,784,8021,102432
18,2,0,1,1744,784,8021,102432
25,0,0,1,1744,784,8021,102432
11,0,0,1,1744,784,8021,102432
9,0,0,1,1744,784,8021,102432
6,0,0,1,1744,784,8021,102432
15,0,0,1,1744,784,8021,102432
6,0,0,1,1744,784,8021,102432
6,0,2,1,2,2,4,378
4,0,6,1,2,2,4,378
4,0,7,1,2,2,4,378
3,0,7,1,2,2,4,378
3,0,2,1,2,2,4,378
5,0,2,1,2,2,4,378
4,0,7,1,2,2,4,378
4,0,6,1,2,2,4,378
4,0,6,1,2,2,4,378
4,0,3,1,2,2,4,378
9,0,0,1,3261,1683,2421,6139
5,0,0,1,3261,1683,2421,6139
3,0,0,1,3261,1683,2421,6139
9,0,0,1,3261,1683,2421,6139
3,5,1,1,3261,1683,2421,6139
3,0,0,1,3261,1683,2421,6139
15,0,0,1,3261,1683,2421,6139
11,2,0,1,3261,1683,2421,6139
1,2,0,1,3261,1683,2421,6139
2,5,0,1,3261,1683,2421,6139
0,0,0,1,108,107,17211,2954
17,0,0,1,108,107,17211,2954
3,0,0,1,108,107,17211,2954
24,1,0,1,108,107,17211,2954
0,0,0,1,108,107,17211,2954
0,0,0,1,108,107,17211,2954
0,0,1,1,108,107,17211,2954
5,0,0,1,108,107,17211,2954
6,0,0,1,108,107,17211,2954
3,0,0,1,108,107,17211,2954
1,0,0,0,1467,2888,26281,19440
9,0,0,0,1467,2888,26281,19440
8,0,2,0,1467,2888,26281,19440
4,0,0,0,1467,2888,26281,19440
6,0,1,0,1467,2888,26281,19440
10,0,2,0,1467,2888,26281,19440
5,0,0,0,1467,2888,26281,19440
2,0,0,0,1467,2888,26281,19440
16,0,2,0,1467,2888,26281,19440
13,0,0,0,1467,2888,26281,19440
5,0,0,0,1950,2082,84015,88156
6,0,2,0,1950,2082,84015,88156
9,1,2,0,1950,2082,84015,88156
1,0,1,0,1950,2082,84015,88156
12,0,0,0,1950,2082,84015,88156
7,0,2,0,1950,2082,84015,88156
12,0,4,0,1950,2082,84015,88156
0,0,2,0,1950,2082,84015,88156
6,0,0,0,1950,2082,84015,88156
6,0,0,0,1950,2082,84015,88156
9,5,1,1,245,721,1641,422
8,0,0,1,245,721,1641,422
12,0,2,1,245,721,1641,422
15,0,0,1,245,721,1641,422
4,4,1,1,245,721,1641,422
14,0,1,1,245,721,1641,422
7,0,0,1,245,721,1641,422
7,0,0,1,245,721,1641,422
8,0,1,1,245,721,1641,422
11,4,1,1,245,721,1641,422
2,0,0,0,3555,2930,49693,14186
5,0,2,0,3555,2930,49693,14186
14,3,1,0,3555,2930,49693,14186
18,2,0,0,3555,2930,49693,14186
6,0,0,0,3555,2930,49693,14186
6,0,0,0,3555,2930,49693,14186
17,0,0,0,3555,2930,49693,14186
9,5,0,0,3555,2930,49693,14186
16,3,0,0,3555,2930,49693,14186
8,0,0,0,3555,2930,49693,14186
7,0,0,0,90,275,1490,1973
24,0,0,0,90,275,1490,1973
4,0,0,0,90,275,1490,1973
28,0,0,0,90,275,1490,1973
5,0,0,0,90,275,1490,1973
9,0,0,0,90,275,1490,1973
17,0,0,0,90,275,1490,1973
24,3,0,0,90,275,1490,1973
23,0,0,0,90,275,1490,1973
6,0,0,0,90,275,1490,1973
2,2,0,1,2110,1749,21071,20571
1,0,0,1,2110,1749,21071,20571
2,0,0,1,2110,1749,21071,20571
5,2,0,1,2110,1749,21071,20571
9,0,0,1,2110,1749,21071,20571
1,0,0,1,2110,1749,21071,20571
1,0,0,1,2110,1749,21071,20571
4,0,1,1,2110,1749,21071,20571
1,0,0,1,2110,1749,21071,20571
1,0,0,1,2110,1749,21071,20571
14,0,0,0,1956,917,1516,4518
5,0,1,0,1956,917,1516,4518
19,0,0,0,1956,917,1516,4518
2,0,0,0,1956,917,1516,4518
12,0,0,0,1956,917,1516,4518
5,0,0,0,1956,917,1516,4518
24,0,3,0,1956,917,1516,4518
17,0,0,0,1956,917,1516,4518
8,0,2,0,1956,917,1516,4518
1,0,1,0,1956,917,1516,4518
24,3,1,0,1016,4998,31148,353560
12,0,1,0,1016,4998,31148,353560
24,0,0,0,1016,4998,31148,353560
12,0,0,0,1016,4998,31148,353560
20,0,0,0,1016,4998,31148,353560
19,0,0,0,1016,4998,31148,353560
14,0,0,0,1016,4998,31148,353560
23,0,1,0,1016,4998,31148,353560
19,0,0,0,1016,4998,31148,353560
20,0,0,0,1016,4998,31148,353560
2,0,0,0,272,954,3048,1239
6,0,0,0,272,954,3048,1239
0,0,0,0,272,954,3048,1239
2,0,0,0,272,954,3048,1239
5,0,0,0,272,954,3048,1239
1,0,0,0,272,954,3048,1239
3,0,0,0,272,954,3048,1239
13,2,3,0,272,954,3048,1239
6,0,0,0,272,954,3048,1239
22,0,4,0,272,954,3048,1239
11,0,0,1,51,2389,1787,4460
10,0,0,1,51,2389,1787,4460
9,0,0,1,51,2389,1787,4460
24,0,0,1,51,2389,1787,4460
8,0,0,1,51,2389,1787,4460
0,0,0,1,51,2389,1787,4460
1,0,0,1,51,2389,1787,4460
1,0,0,1,51,2389,1787,4460
4,0,0,1,51,2389,1787,4460
11,0,0,1,51,2389,1787,4460
6,7,0,1,526,1853,47788,49708
4,5,0,1,526,1853,47788,49708
0,2,0,1,526,1853,47788,49708
2,1,0,1,526,1853,47788,49708
4,2,0,1,526,1853,47788,49708
1,0,0,1,526,1853,47788,49708
0,9,0,1,526,1853,47788,49708
5,0,0,1,526,1853,47788,49708
0,9,0,1,526,1853,47788,49708
5,0,0,1,526,1853,47788,49708
8,0,0,0,521,345,7961,54645
0,0,0,0,521,345,7961,54645
11,0,0,0,521,345,7961,54645
7,10,0,0,521,345,7961,54645
20,0,0,0,521,345,7961,54645
3,0,0,0,521,345,7961,54645
4,0,0,0,521,345,7961,54645
5,3,0,0,521,345,7961,54645
5,2,2,0,521,345,7961,54645
8,1,0,0,521,345,7961,54645
